-- 创建数据库
create database IF NOT EXISTS `locationservice` default character set utf8mb4 collate utf8mb4_general_ci;

use locationservice;
SET FOREIGN_KEY_CHECKS=0;

-- ----------------------------
-- Table structure for `device_info`
-- ----------------------------
DROP TABLE IF EXISTS `device_info`;
CREATE TABLE `device_info` (
  `id` bigint(20) NOT NULL AUTO_INCREMENT,
  `device_number` varchar(100) CHARACTER SET utf8 COLLATE utf8_general_ci NOT NULL,
  `device_name` varchar(2000) CHARACTER SET utf8mb4 COLLATE utf8mb4_general_ci NOT NULL,
  PRIMARY KEY (`id`) USING BTREE,
  UNIQUE KEY `deciveNumber`(`device_number`) USING BTREE
) ENGINE=InnoDB AUTO_INCREMENT=3 DEFAULT CHARSET=utf8mb4 COLLATE=utf8mb4_general_ci;

-- ----------------------------
-- Records of device_info
-- ----------------------------
INSERT INTO `device_info` VALUES ('1', '065927', '设备_065927');
INSERT INTO `device_info` VALUES ('2', 'test', '设备test');
INSERT INTO `device_info` VALUES ('3', '333333', '设备3');
INSERT INTO `device_info` VALUES ('4', '444444', '设备4');
INSERT INTO `device_info` VALUES ('5', '555555', '设备5');
INSERT INTO `device_info` VALUES ('6', '666666', '设备6');
INSERT INTO `device_info` VALUES ('7', '777777', '设备7');
INSERT INTO `device_info` VALUES ('8', '888888', '设备8');
INSERT INTO `device_info` VALUES ('9', '9999999', '设备9');
INSERT INTO `device_info` VALUES ('10', '101019', '设备10');
INSERT INTO `device_info` VALUES ('11', '111111', '设备11');
-- ----------------------------
-- Table structure for `location_info`
-- ----------------------------
DROP TABLE IF EXISTS `location_info`;
CREATE TABLE `location_info` (
  `id` bigint(20) NOT NULL AUTO_INCREMENT,
  `program_number` varchar(2000) CHARACTER SET utf8 COLLATE utf8_general_ci DEFAULT NULL,
  `platform_number` varchar(2000) CHARACTER SET utf8 COLLATE utf8_general_ci DEFAULT NULL,
  `create_date` datetime DEFAULT NULL,
  `state` varchar(5) DEFAULT NULL,
  `compression_Index` varchar(100) CHARACTER SET utf8 COLLATE utf8_general_ci DEFAULT NULL,
  `most_recent_location` varchar(2000) CHARACTER SET utf8 COLLATE utf8_general_ci DEFAULT NULL,
  `most_recent_data_collection` varchar(2000) CHARACTER SET utf8 COLLATE utf8_general_ci DEFAULT NULL,
  `location_class` varchar(100) CHARACTER SET utf8 COLLATE utf8_general_ci DEFAULT NULL,
  `latitude` varchar(2000) CHARACTER SET utf8 COLLATE utf8_general_ci DEFAULT NULL,
  `longitude` varchar(2000) DEFAULT NULL,
  `location_info1` varchar(100) CHARACTER SET utf8 COLLATE utf8_general_ci DEFAULT NULL,
  `location_info1_date` datetime DEFAULT NULL,
  `location_info2` varchar(100) DEFAULT NULL,
  `check_info` varchar(100) DEFAULT NULL,
  `device_id` bigint(20) DEFAULT NULL,
  `speed` double DEFAULT NULL,
  `angle` double DEFAULT NULL,
  PRIMARY KEY (`id`)
) ENGINE=InnoDB AUTO_INCREMENT=57 DEFAULT CHARSET=utf8mb4 COLLATE=utf8mb4_general_ci;

-- ----------------------------
-- Records of location_info
-- ----------------------------
INSERT INTO `location_info` VALUES ('1', 'Prog06591', '065927', '2019-05-04 16:47:57', '1', '(1)', '078/0137', '078/0138Z', '1', '116.346E', '40.034N', '06EF6B130260D7A1716FA24C', '2019-03-12 22:52:00', '06EF6B130060D4A1716FA24C', '31323334353637', '1', '0', '0');
INSERT INTO `location_info` VALUES ('2', 'Prog06591', '065927', '2019-05-04 16:48:19', '1', '(1)', '078/0137', '078/0138Z', '1', '116.346E', '40.034N', '06EF6B130260D7A1716FA24C', '2019-03-14 22:52:00', '06EF6B130060D4A1716FA24C', '31323334353637', '1', '0', '0');
INSERT INTO `location_info` VALUES ('3', 'Prog06591', '065927', '2019-05-04 16:48:49', '1', '(1)', '078/0137', '078/0138Z', '1', '116.346E', '40.034N', '06EF6B130260D7A1716FA24C', '2019-03-14 22:52:00', '06EF6B130060D4A1716FA24C', '31323334353637', '1', '0', '0');
INSERT INTO `location_info` VALUES ('4', 'Prog06591', '065927', '2019-05-04 17:50:54', '1', '(1)', '078/0137', '078/0138Z', '1', '116.346E', '40.034N', '06EF6B130260D7A1716FA24C', '2019-03-14 22:52:00', '06EF6B130060D4A1716FA24C', '31323334353637', '1', '0', '0');
INSERT INTO `location_info` VALUES ('5', 'Prog06591', '065927', '2019-05-04 17:51:25', '1', '(1)', '078/0137', '078/0138Z', '1', '116.346E', '40.034N', '06EF6B130260D7A1716FA24C', '2019-03-14 22:52:00', '06EF6B130060D4A1716FA24C', '31323334353637', '1', '0', '0');
INSERT INTO `location_info` VALUES ('6', 'Prog06591', '065927', '2019-05-04 17:51:54', '1', '(1)', '078/0137', '078/0138Z', '1', '116.346E', '40.034N', '06EF6B130260D7A1716FA24C', '2019-03-14 22:52:00', '06EF6B130060D4A1716FA24C', '31323334353637', '1', '0', '0');
INSERT INTO `location_info` VALUES ('7', 'Prog06591', '065927', '2019-05-04 17:53:00', '1', '(1)', '078/0137', '078/0138Z', '1', '116.346E', '40.034N', '06EF6B130260D7A1716FA24C', '2019-03-14 22:52:00', '06EF6B130060D4A1716FA24C', '31323334353637', '1', '0', '0');
INSERT INTO `location_info` VALUES ('8', 'Prog06591', '065927', '2019-05-04 17:53:24', '1', '(1)', '078/0137', '078/0138Z', '1', '116.346E', '40.034N', '06EF6B130260D7A1716FA24C', '2019-03-14 22:52:00', '06EF6B130060D4A1716FA24C', '31323334353637', '1', '0', '0');
INSERT INTO `location_info` VALUES ('9', 'Prog06591', '065927', '2019-05-04 17:53:54', '1', '(1)', '078/0137', '078/0138Z', '1', '116.346E', '40.034N', '06EF6B130260D7A1716FA24C', '2019-03-14 22:52:00', '06EF6B130060D4A1716FA24C', '31323334353637', '1', '0', '0');
INSERT INTO `location_info` VALUES ('10', 'Prog06591', '065927', '2019-05-04 17:54:24', '1', '(1)', '078/0137', '078/0138Z', '1', '116.346E', '40.034N', '06EF6B130260D7A1716FA24C', '2019-03-14 22:52:00', '06EF6B130060D4A1716FA24C', '31323334353637', '1', '0', '0');
INSERT INTO `location_info` VALUES ('11', 'Prog06591', '065927', '2019-05-04 17:54:54', '1', '(1)', '078/0137', '078/0138Z', '1', '116.346E', '40.034N', '06EF6B130260D7A1716FA24C', '2019-03-14 22:52:00', '06EF6B130060D4A1716FA24C', '31323334353637', '1', '0', '0');
INSERT INTO `location_info` VALUES ('12', 'Prog06591', '065927', '2019-05-04 17:59:30', '1', '(1)', '078/0137', '078/0138Z', '1', '116.346E', '40.034N', '06EF6B130260D7A1716FA24C', '2019-03-14 22:52:00', '06EF6B130060D4A1716FA24C', '31323334353637', '1', '0', '0');
INSERT INTO `location_info` VALUES ('13', 'Prog06591', '065927', '2019-05-04 18:24:01', '1', '(1)', '078/0137', '078/0138Z', '1', '116.346E', '40.034N', '06EF6B130260D7A1716FA24C', '2019-03-14 22:52:00', '06EF6B130060D4A1716FA24C', '31323334353637', '1', '0', '0');
INSERT INTO `location_info` VALUES ('14', 'Prog06591', '065927', '2019-05-04 18:24:19', '1', '(1)', '078/0137', '078/0138Z', '1', '116.346E', '40.034N', '06EF6B130260D7A1716FA24C', '2019-03-14 22:52:00', '06EF6B130060D4A1716FA24C', '31323334353637', '1', '0', '0');
INSERT INTO `location_info` VALUES ('15', 'Prog06591', '065927', '2019-05-04 18:24:49', '1', '(1)', '078/0137', '078/0138Z', '1', '116.346E', '40.034N', '06EF6B130260D7A1716FA24C', '2019-03-14 22:52:00', '06EF6B130060D4A1716FA24C', '31323334353637', '1', '0', '0');
INSERT INTO `location_info` VALUES ('16', 'Prog06591', '065927', '2019-05-04 18:25:19', '1', '(1)', '078/0137', '078/0138Z', '1', '116.346E', '40.034N', '06EF6B130260D7A1716FA24C', '2019-03-14 22:52:00', '06EF6B130060D4A1716FA24C', '31323334353637', '1', '0', '0');
INSERT INTO `location_info` VALUES ('17', 'Prog06591', '065927', '2019-05-04 18:25:49', '1', '(1)', '078/0137', '078/0138Z', '1', '116.346E', '40.034N', '06EF6B130260D7A1716FA24C', '2019-03-14 22:52:00', '06EF6B130060D4A1716FA24C', '31323334353637', '1', '0', '0');
INSERT INTO `location_info` VALUES ('18', 'Prog06591', '065927', '2019-05-04 18:26:19', '1', '(1)', '078/0137', '078/0138Z', '1', '116.346E', '40.034N', '06EF6B130260D7A1716FA24C', '2019-03-14 22:52:00', '06EF6B130060D4A1716FA24C', '31323334353637', '1', '0', '0');
INSERT INTO `location_info` VALUES ('19', 'Prog06591', '065927', '2019-05-04 19:18:32', '1', '(1)', '078/0137', '078/0138Z', '1', '116.346E', '40.034N', '06EF6B130260D7A1716FA24C', '2019-03-14 22:52:00', '06EF6B130060D4A1716FA24C', '31323334353637', '1', '0', '0');
INSERT INTO `location_info` VALUES ('20', 'Prog06591', '065927', '2019-05-04 19:18:57', '1', '(1)', '078/0137', '078/0138Z', '1', '116.346E', '40.034N', '06EF6B130260D7A1716FA24C', '2019-03-14 22:52:00', '06EF6B130060D4A1716FA24C', '31323334353637', '1', '0', '0');
INSERT INTO `location_info` VALUES ('21', 'Prog06591', '065927', '2019-05-04 19:19:27', '1', '(1)', '078/0137', '078/0138Z', '1', '116.346E', '40.034N', '06EF6B130260D7A1716FA24C', '2019-03-14 22:52:00', '06EF6B130060D4A1716FA24C', '31323334353637', '1', '0', '0');
INSERT INTO `location_info` VALUES ('22', 'Prog06591', '065927', '2019-05-04 19:19:57', '1', '(1)', '078/0137', '078/0138Z', '1', '116.346E', '40.034N', '06EF6B130260D7A1716FA24C', '2019-03-14 22:52:00', '06EF6B130060D4A1716FA24C', '31323334353637', '1', '0', '0');
INSERT INTO `location_info` VALUES ('23', 'Prog06591', '065927', '2019-05-04 19:20:27', '1', '(1)', '078/0137', '078/0138Z', '1', '116.346E', '40.034N', '06EF6B130260D7A1716FA24C', '2019-03-14 22:52:00', '06EF6B130060D4A1716FA24C', '31323334353637', '1', '0', '0');
INSERT INTO `location_info` VALUES ('24', 'Prog06591', '065927', '2019-05-04 19:21:23', '1', '(1)', '078/0137', '078/0138Z', '1', '116.346E', '40.034N', '06EF6B130260D7A1716FA24C', '2019-03-14 22:52:00', '06EF6B130060D4A1716FA24C', '31323334353637', '1', '0', '0');
INSERT INTO `location_info` VALUES ('25', 'Prog06591', '065927', '2019-05-04 19:23:02', '1', '(1)', '078/0137', '078/0138Z', '1', '116.346E', '40.034N', '06EF6B130260D7A1716FA24C', '2019-03-14 22:52:00', '06EF6B130060D4A1716FA24C', '31323334353637', '1', '0', '0');
INSERT INTO `location_info` VALUES ('26', 'Prog06591', '065927', '2019-05-04 19:23:25', '1', '(1)', '078/0137', '078/0138Z', '1', '116.346E', '40.034N', '06EF6B130260D7A1716FA24C', '2019-03-14 22:52:00', '06EF6B130060D4A1716FA24C', '31323334353637', '1', '0', '0');
INSERT INTO `location_info` VALUES ('27', 'Prog06591', '065927', '2019-05-04 19:27:12', '1', '(1)', '078/0137', '078/0138Z', '1', '116.346E', '40.034N', '06EF6B130260D7A1716FA24C', '2019-03-14 22:52:00', '06EF6B130060D4A1716FA24C', '31323334353637', '1', '0', '0');
INSERT INTO `location_info` VALUES ('28', 'Prog06591', '065927', '2019-05-04 19:27:57', '1', '(1)', '078/0137', '078/0138Z', '1', '116.346E', '40.034N', '06EF6B130260D7A1716FA24C', '2019-03-14 22:52:00', '06EF6B130060D4A1716FA24C', '31323334353637', '1', '0', '0');
INSERT INTO `location_info` VALUES ('29', 'Prog06591', '065927', '2019-05-04 19:29:16', '1', '(1)', '078/0137', '078/0138Z', '1', '116.346E', '40.034N', '06EF6B130260D7A1716FA24C', '2019-03-14 22:52:00', '06EF6B130060D4A1716FA24C', '31323334353637', '1', '0', '0');
INSERT INTO `location_info` VALUES ('30', 'Prog06591', '065927', '2019-05-04 19:29:40', '1', '(1)', '078/0137', '078/0138Z', '1', '116.346E', '40.034N', '06EF6B130260D7A1716FA24C', '2019-03-14 22:52:00', '06EF6B130060D4A1716FA24C', '31323334353637', '1', '0', '0');
INSERT INTO `location_info` VALUES ('31', 'Prog06591', '065927', '2019-05-04 19:33:56', '1', '(1)', '078/0137', '078/0138Z', '1', '116.346E', '40.034N', '06EF6B130260D7A1716FA24C', '2019-03-14 22:52:00', '06EF6B130060D4A1716FA24C', '31323334353637', '1', '0', '0');
INSERT INTO `location_info` VALUES ('32', 'Prog06591', '065927', '2019-05-04 19:34:20', '1', '(1)', '078/0137', '078/0138Z', '1', '116.346E', '40.034N', '06EF6B130260D7A1716FA24C', '2019-03-14 22:52:00', '06EF6B130060D4A1716FA24C', '31323334353637', '1', '0', '0');
INSERT INTO `location_info` VALUES ('33', 'Prog06591', '065927', '2019-05-04 19:38:24', '1', '(1)', '078/0137', '078/0138Z', '1', '116.346E', '40.034N', '06EF6B130260D7A1716FA24C', '2019-03-14 22:52:00', '06EF6B130060D4A1716FA24C', '31323334353637', '1', '0', '0');
INSERT INTO `location_info` VALUES ('34', 'Prog06591', '065927', '2019-05-04 19:46:11', '1', '(1)', '078/0137', '078/0138Z', '1', '116.346E', '40.034N', '06EF6B130260D7A1716FA24C', '2019-03-14 22:52:00', '06EF6B130060D4A1716FA24C', '31323334353637', '1', '0', '0');
INSERT INTO `location_info` VALUES ('35', 'Prog06591', '065927', '2019-05-04 20:35:16', '1', '(1)', '078/0137', '078/0138Z', '1', '116.346E', '40.034N', '06EF6B130260D7A1716FA24C', '2019-03-14 22:52:00', '06EF6B130060D4A1716FA24C', '31323334353637', '1', '0', '0');
INSERT INTO `location_info` VALUES ('36', 'Prog06591', '065927', '2019-05-04 21:07:57', '1', '(1)', '078/0137', '078/0138Z', '1', '116.346E', '40.034N', '06EF6B130260D7A1716FA24C', '2019-03-14 22:52:00', '06EF6B130060D4A1716FA24C', '31323334353637', '1', '0', '0');
INSERT INTO `location_info` VALUES ('37', 'Prog06591', '065927', '2019-05-04 21:08:19', '1', '(1)', '078/0137', '078/0138Z', '1', '116.346E', '40.034N', '06EF6B130260D7A1716FA24C', '2019-03-14 22:52:00', '06EF6B130060D4A1716FA24C', '31323334353637', '1', '0', '0');
INSERT INTO `location_info` VALUES ('38', 'Prog06591', '065927', '2019-05-04 21:08:49', '1', '(1)', '078/0137', '078/0138Z', '1', '116.346E', '40.034N', '06EF6B130260D7A1716FA24C', '2019-03-14 22:52:00', '06EF6B130060D4A1716FA24C', '31323334353637', '1', '0', '0');
INSERT INTO `location_info` VALUES ('39', 'Prog06591', '065927', '2019-05-04 21:09:19', '1', '(1)', '078/0137', '078/0138Z', '1', '116.346E', '40.034N', '06EF6B130260D7A1716FA24C', '2019-03-14 22:52:00', '06EF6B130060D4A1716FA24C', '31323334353637', '1', '0', '0');
INSERT INTO `location_info` VALUES ('40', 'Prog06591', '065927', '2019-05-04 21:11:39', '1', '(1)', '078/0137', '078/0138Z', '1', '116.346E', '40.034N', '06EF6B130260D7A1716FA24C', '2019-03-14 22:52:00', '06EF6B130060D4A1716FA24C', '31323334353637', '1', '0', '0');
INSERT INTO `location_info` VALUES ('41', 'Prog06591', '065927', '2019-05-04 21:12:04', '1', '(1)', '078/0137', '078/0138Z', '1', '116.346E', '40.034N', '06EF6B130260D7A1716FA24C', '2019-03-14 22:52:00', '06EF6B130060D4A1716FA24C', '31323334353637', '1', '0', '0');
INSERT INTO `location_info` VALUES ('42', 'Prog06591', '065927', '2019-05-04 21:12:34', '1', '(1)', '078/0137', '078/0138Z', '1', '116.346E', '40.034N', '06EF6B130260D7A1716FA24C', '2019-03-14 22:52:00', '06EF6B130060D4A1716FA24C', '31323334353637', '1', '0', '0');
INSERT INTO `location_info` VALUES ('43', 'Prog06591', '065927', '2019-05-04 21:20:47', '1', '(1)', '078/0137', '078/0138Z', '1', '116.346E', '40.034N', '06EF6B130260D7A1716FA24C', '2019-03-14 22:52:00', '06EF6B130060D4A1716FA24C', '31323334353637', '1', '0', '0');
INSERT INTO `location_info` VALUES ('44', 'Prog06591', '065927', '2019-05-04 21:21:07', '1', '(1)', '078/0137', '078/0138Z', '1', '116.346E', '40.034N', '06EF6B130260D7A1716FA24C', '2019-03-14 22:52:00', '06EF6B130060D4A1716FA24C', '31323334353637', '1', '0', '0');
INSERT INTO `location_info` VALUES ('45', 'Prog06591', '065927', '2019-05-04 21:24:35', '1', '(1)', '078/0137', '078/0138Z', '1', '116.346E', '40.034N', '06EF6B130260D7A1716FA24C', '2019-03-14 22:52:00', '06EF6B130060D4A1716FA24C', '31323334353637', '1', '0', '0');
INSERT INTO `location_info` VALUES ('46', 'Prog06591', '065927', '2019-05-04 21:24:53', '1', '(1)', '078/0137', '078/0138Z', '1', '116.346E', '40.034N', '06EF6B130260D7A1716FA24C', '2019-03-14 22:52:00', '06EF6B130060D4A1716FA24C', '31323334353637', '1', '0', '0');
INSERT INTO `location_info` VALUES ('47', 'Prog06591', '065927', '2019-05-04 21:25:23', '1', '(1)', '078/0137', '078/0138Z', '1', '116.346E', '40.034N', '06EF6B130260D7A1716FA24C', '2019-03-14 22:52:00', '06EF6B130060D4A1716FA24C', '31323334353637', '1', '0', '0');
INSERT INTO `location_info` VALUES ('48', 'Prog06591', '065927', '2019-05-04 21:26:40', '1', '(1)', '078/0137', '078/0138Z', '1', '116.346E', '40.034N', '06EF6B130260D7A1716FA24C', '2019-03-14 22:52:00', '06EF6B130060D4A1716FA24C', '31323334353637', '1', '0', '0');
INSERT INTO `location_info` VALUES ('49', 'Prog06591', '065927', '2019-05-04 21:26:49', '1', '(1)', '078/0137', '078/0138Z', '1', '116.346E', '40.034N', '06EF6B130260D7A1716FA24C', '2019-03-14 22:52:00', '06EF6B130060D4A1716FA24C', '31323334353637', '1', '0', '0');
INSERT INTO `location_info` VALUES ('50', 'Prog06591', '065927', '2019-05-04 21:29:50', '1', '(1)', '078/0137', '078/0138Z', '1', '116.346E', '40.034N', '06EF6B130260D7A1716FA24C', '2019-03-14 22:52:00', '06EF6B130060D4A1716FA24C', '31323334353637', '1', '0', '0');
INSERT INTO `location_info` VALUES ('51', 'Prog06591', '065927', '2019-05-04 21:31:27', '1', '(1)', '078/0137', '078/0138Z', '1', '116.346E', '40.034N', '06EF6B130260D7A1716FA24C', '2019-03-14 22:52:00', '06EF6B130060D4A1716FA24C', '31323334353637', '1', '0', '0');
INSERT INTO `location_info` VALUES ('52', 'Prog06591', '065927', '2019-05-04 22:30:59', '1', '(1)', '078/0137', '078/0138Z', '1', '116.346E', '40.034N', '06EF6B130260D7A1716FA24C', '2019-03-14 22:52:00', '06EF6B130060D4A1716FA24C', '31323334353637', '1', '0', '0');
INSERT INTO `location_info` VALUES ('53', 'Prog06591', '065927', '2019-05-04 22:31:24', '1', '(1)', '078/0137', '078/0138Z', '1', '116.346E', '40.034N', '06EF6B130260D7A1716FA24C', '2019-03-14 22:52:00', '06EF6B130060D4A1716FA24C', '31323334353637', '1', '0', '0');
INSERT INTO `location_info` VALUES ('54', 'Prog06591', '065927', '2019-05-04 22:53:32', '1', '(1)', '078/0137', '078/0138Z', '1', '116.346E', '40.034N', '06EF6B130260D7A1716FA24C', '2019-03-14 22:52:00', '06EF6B130060D4A1716FA24C', '31323334353637', '1', '0', '0');
INSERT INTO `location_info` VALUES ('55', 'Prog06591', '065927', '2019-05-04 22:54:00', '1', '(1)', '078/0137', '078/0138Z', '1', '116.346E', '40.034N', '06EF6B130260D7A1716FA24C', '2019-03-14 22:52:00', '06EF6B130060D4A1716FA24C', '31323334353637', '1', '0', '0');
INSERT INTO `location_info` VALUES ('56', 'Prog06591', '065927', '2019-05-04 22:54:26', '1', '(1)', '078/0137', '078/0138Z', '1', '116.346E', '40.034N', '06EF6B130260D7A1716FA24C', '2019-03-14 22:52:00', '06EF6B130060D4A1716FA24C', '31323334353637', '1', '0', '0');
INSERT INTO `location_info` VALUES ('57', 'Prog06591', '065927', '2019-08-06 22:54:26', '1', '(1)', '078/0137', '203/0212Z', '1', '116.346E', '40.034N', '02625A9006EA132871ADDE9C', '2019-07-22 09:24:00', '02625A9806EA132871ADDEED', '31323334353637', '1', '0', '0');
-- ----------------------------
-- Table structure for `user`
-- ----------------------------
DROP TABLE IF EXISTS `user`;
CREATE TABLE `user` (
  `id` bigint(20) NOT NULL AUTO_INCREMENT,
  `user_name` varchar(30) NOT NULL,
  `password` varchar(100) NOT NULL,
  `raw_password` varchar(100) NOT NULL,
  PRIMARY KEY (`id`),
  UNIQUE KEY `username` (`user_name`) USING BTREE
) ENGINE=InnoDB AUTO_INCREMENT=3 DEFAULT CHARSET=utf8mb4 COLLATE=utf8mb4_general_ci;

-- ----------------------------
-- Records of user
-- ----------------------------
INSERT INTO `user` VALUES ('1', 'test', '$2a$10$Jq3do29eUOPJwrU3jaXRf.6EnHhlMBQZs6VUMPFbLBl1Sd44dayhm','12345678');
INSERT INTO `user` VALUES ('2', 'test2', '$2a$10$a.L7yVEGeF46T1bzH5tDDuidKWScUkgwHaBmPVdMh.SuiiBVEpOqy','test2');
INSERT INTO `user` VALUES ('3', 'test3', '$2a$10$iuhu.5O6NFNPiDWp5eV2KeS76vgVOUoEpTvBQIiwZK//DTdrhDmae','test3');
INSERT INTO `user` VALUES ('4', 'test4', '$2a$10$voZhd9SOEziAhA7FudrpfugJO43Rw4PMbteCAeKK36IxuP.CzWBVW','test4');
-- ----------------------------
-- Table structure for `user_device`
-- ----------------------------
DROP TABLE IF EXISTS `user_device`;
CREATE TABLE `user_device` (
  `id` bigint(20) NOT NULL AUTO_INCREMENT,
  `user_id` bigint(20) NOT NULL,
  `device_id` bigint(20) NOT NULL,
  PRIMARY KEY (`id`),
  UNIQUE KEY `user_device_unique` (`user_id`,`device_id`) USING BTREE
) ENGINE=InnoDB AUTO_INCREMENT=2 DEFAULT CHARSET=utf8mb4 COLLATE=utf8mb4_general_ci;

-- ----------------------------
-- Records of user_device
-- ----------------------------
INSERT INTO `user_device` VALUES ('1', '1', '1');
INSERT INTO `user_device` VALUES ('2', '1', '2');
INSERT INTO `user_device` VALUES ('3', '1', '3');
INSERT INTO `user_device` VALUES ('4', '2', '1');
INSERT INTO `user_device` VALUES ('5', '2', '2');
INSERT INTO `user_device` VALUES ('6', '2', '4');
INSERT INTO `user_device` VALUES ('7', '3', '8');
INSERT INTO `user_device` VALUES ('8', '3', '7');
INSERT INTO `user_device` VALUES ('9', '3', '3');
INSERT INTO `user_device` VALUES ('10', '4', '5');
INSERT INTO `user_device` VALUES ('11', '2', '6');
INSERT INTO `user_device` VALUES ('12', '3', '11');
INSERT INTO `user_device` VALUES ('13', '4', '10');
INSERT INTO `user_device` VALUES ('14', '1', '4');
INSERT INTO `user_device` VALUES ('15', '4', '9');
INSERT INTO `user_device` VALUES ('16', '1', '11');
INSERT INTO `user_device` VALUES ('17', '1', '5');
INSERT INTO `user_device` VALUES ('18', '1', '7');
INSERT INTO `user_device` VALUES ('19', '1', '9');
INSERT INTO `user_device` VALUES ('20', '1', '10');